{
  "loss": 0.09330522418022155,
  "acc": 1.0,
  "epoch": 499,
  "grad/W_xh": 0.06936773657798767,
  "grad/W_hh": 0.17579835653305054,
  "grad/W_hy": 0.13340814411640167,
  "weight/W_xh": 4.131225109100342,
  "weight/W_hh": 3.961967945098877,
  "weight/W_hy": 7.299910545349121,
  "status": "FINISHED",
  "_step": 500,
  "_runtime": 80.12639117240906
}